{
  "hash": "c44154f4",
  "configHash": "a816a9c4",
  "lockfileHash": "28c7d408",
  "browserHash": "65503cb0",
  "optimized": {
    "@angular/common": {
      "src": "../../../../../node_modules/@angular/common/fesm2022/common.mjs",
      "file": "@angular_common.js",
      "fileHash": "3713a83b",
      "needsInterop": false
    },
    "@angular/core": {
      "src": "../../../../../node_modules/@angular/core/fesm2022/core.mjs",
      "file": "@angular_core.js",
      "fileHash": "1c780c5c",
      "needsInterop": false
    },
    "@angular/forms": {
      "src": "../../../../../node_modules/@angular/forms/fesm2022/forms.mjs",
      "file": "@angular_forms.js",
      "fileHash": "6e862dcc",
      "needsInterop": false
    },
    "@angular/platform-browser": {
      "src": "../../../../../node_modules/@angular/platform-browser/fesm2022/platform-browser.mjs",
      "file": "@angular_platform-browser.js",
      "fileHash": "23d30b45",
      "needsInterop": false
    },
    "@angular/platform-browser/animations": {
      "src": "../../../../../node_modules/@angular/platform-browser/fesm2022/animations.mjs",
      "file": "@angular_platform-browser_animations.js",
      "fileHash": "124d2fbc",
      "needsInterop": false
    },
    "@angular/animations": {
      "src": "../../../../../node_modules/@angular/animations/fesm2022/animations.mjs",
      "file": "@angular_animations.js",
      "fileHash": "45a86e71",
      "needsInterop": false
    }
  },
  "chunks": {
    "chunk-Q566F4KH": {
      "file": "chunk-Q566F4KH.js"
    },
    "chunk-GTYSX6FG": {
      "file": "chunk-GTYSX6FG.js"
    },
    "chunk-AIMRXCZG": {
      "file": "chunk-AIMRXCZG.js"
    },
    "chunk-TG7MZPJF": {
      "file": "chunk-TG7MZPJF.js"
    }
  }
}